"SNP","ratio","ratio_se"
"rs10183486",0.0684792077392142,0.302397872633075
"rs10740118",-0.430196329691086,0.21489835852447
"rs114694170",-0.00635314289213435,0.265997673065736
"rs117982888",-0.377042788699818,0.353219890963159
"rs1294866",-0.131165971487683,0.043034572681129
"rs1294912",0.28369308101715,0.270076877587226
"rs2949839",-0.119711490299529,0.309398455790415
"rs35304300",-0.0109577098991709,0.295646277859675
"rs62459969",-0.173743749390112,0.308633160303599
"rs6463264",-0.390284841360147,0.364170716221059
"rs67952548",-0.346316132390027,0.301629761149204
"rs75430547",0.105340132460643,0.194342340138022
"rs799697",-0.452441585131573,0.181834427914042
