snpId,variantId,pos,nes,pValue
rs1294885,chr7_45207273_C_G_b38,45207273,0.21032202243804932,1.3818783264786393e-06
rs1294884,chr7_45207385_A_G_b38,45207385,0.20720639824867249,2.0486510707906783e-06
rs1294883,chr7_45207553_C_G_b38,45207553,0.2080189287662506,1.9834313631517242e-06
rs1294882,chr7_45208436_C_G_b38,45208436,0.2321072667837143,2.463120176497609e-07
rs1294878,chr7_45210749_T_C_b38,45210749,0.1678139865398407,6.349471016262426e-05
rs7809107,chr7_45210786_C_G_b38,45210786,0.3863723874092102,8.236404926824972e-08
rs756513,chr7_45210985_A_C_b38,45210985,0.1839146763086319,3.168846538356866e-08
rs756512,chr7_45211128_G_C_b38,45211128,0.1847422868013382,6.103772835903577e-07
rs17172499,chr7_45211694_C_A_b38,45211694,-0.14585641026496887,0.00014777016873447437
rs34345812,chr7_45211761_C_T_b38,45211761,-0.14567288756370544,0.0001508267956881623
rs16880990,chr7_45211772_A_T_b38,45211772,-0.20383551716804504,4.6212402304110914e-05
rs35572793,chr7_45211813_T_C_b38,45211813,-0.1462501585483551,0.00013473869731752384
rs34999606,chr7_45212087_C_T_b38,45212087,-0.1437835693359375,0.0001724255720672156
rs59686117,chr7_45212251_T_C_b38,45212251,-0.1462501585483551,0.00013473869731752384
rs60207265,chr7_45212256_A_C_b38,45212256,-0.1462501585483551,0.00013473869731752384
rs35899672,chr7_45212322_A_G_b38,45212322,-0.1462501585483551,0.00013473869731752384
rs35464070,chr7_45212409_G_T_b38,45212409,-0.1462501585483551,0.00013473869731752384
rs34230869,chr7_45212539_G_T_b38,45212539,-0.1437835693359375,0.0001724255720672156
rs1866577,chr7_45213058_A_T_b38,45213058,-0.1437835693359375,0.0001724255720672156
rs35934485,chr7_45213106_T_C_b38,45213106,-0.1437835693359375,0.0001724255720672156
rs34528595,chr7_45213154_C_T_b38,45213154,-0.14338114857673645,0.00017359149896355544
rs34957756,chr7_45213171_C_T_b38,45213171,-0.1437835693359375,0.0001724255720672156
rs34725413,chr7_45213195_T_C_b38,45213195,-0.1437835693359375,0.0001724255720672156
rs78859351,chr7_45213342_A_G_b38,45213342,-0.20095662772655487,6.144532282551492e-05
rs34124301,chr7_45213353_T_C_b38,45213353,-0.14567288756370544,0.0001508267956881623
rs77930313,chr7_45213474_G_C_b38,45213474,-0.20292069017887115,4.9613027401682303e-05
rs35401101,chr7_45213645_A_G_b38,45213645,-0.1437835693359375,0.0001724255720672156
rs78670183,chr7_45213715_A_C_b38,45213715,-0.20095662772655487,6.144532282551492e-05
rs34694820,chr7_45213718_T_G_b38,45213718,-0.1437835693359375,0.0001724255720672156
rs36115872,chr7_45213844_T_A_b38,45213844,-0.1437835693359375,0.0001724255720672156
rs150552092,chr7_45214309_AC_A_b38,45214309,-0.1437835693359375,0.0001724255720672156
rs62459190,chr7_45214312_G_A_b38,45214312,-0.1437835693359375,0.0001724255720672156
rs10951808,chr7_45214647_C_G_b38,45214647,-0.1437835693359375,0.0001724255720672156
rs1294874,chr7_45214648_G_A_b38,45214648,0.3015899956226349,2.3055830551093724e-14
rs10951809,chr7_45214801_G_T_b38,45214801,-0.1437835693359375,0.0001724255720672156
rs10951810,chr7_45214947_C_T_b38,45214947,-0.1437835693359375,0.0001724255720672156
rs35556846,chr7_45214999_G_A_b38,45214999,-0.1464785784482956,0.0001288697799619732
rs12674069,chr7_45215011_G_A_b38,45215011,-0.1437835693359375,0.0001724255720672156
rs12667767,chr7_45215012_T_C_b38,45215012,-0.20095662772655487,6.144532282551492e-05
rs12533413,chr7_45215524_T_C_b38,45215524,-0.1437835693359375,0.0001724255720672156
rs1294873,chr7_45215766_A_G_b38,45215766,0.31444400548934937,2.6323394854853826e-16
rs10951812,chr7_45215867_T_C_b38,45215867,-0.1437835693359375,0.0001724255720672156
rs12535823,chr7_45215877_A_G_b38,45215877,-0.1437835693359375,0.0001724255720672156
rs1294871,chr7_45216071_C_T_b38,45216071,0.26100295782089233,3.9683526881590546e-09
rs975349,chr7_45216341_G_A_b38,45216341,0.3154759407043457,2.7890958965421387e-16
rs75390434,chr7_45216392_C_T_b38,45216392,-0.18325671553611755,2.1406475541597312e-05
rs975348,chr7_45216548_T_C_b38,45216548,0.26165035367012024,4.311977911210856e-13
rs975347,chr7_45216633_T_C_b38,45216633,0.14197446405887604,3.802753191743282e-05
rs1294867,chr7_45216950_A_G_b38,45216950,0.1327676773071289,0.00011493275371950681
rs1294866,chr7_45217088_C_T_b38,45217088,0.3154759407043457,2.7890958965421387e-16
rs1294865,chr7_45217376_A_G_b38,45217376,0.26103660464286804,4.5006282323257935e-13
rs1294864,chr7_45217506_G_A_b38,45217506,0.31111443042755127,6.475467909873951e-16
rs1294863,chr7_45217585_A_G_b38,45217585,0.31111443042755127,6.475467909873951e-16
rs2580797,chr7_45217634_A_T_b38,45217634,0.31111443042755127,6.475467909873951e-16
rs2527027,chr7_45217639_G_A_b38,45217639,0.31111443042755127,6.475467909873951e-16
rs1294862,chr7_45217652_G_A_b38,45217652,0.31111443042755127,6.475467909873951e-16
rs71565962,chr7_45217741_T_TG_b38,45217741,0.3074363172054291,1.3749553491718172e-15
rs1294861,chr7_45217884_T_G_b38,45217884,0.3074363172054291,1.3749553491718172e-15
rs1294860,chr7_45218170_T_C_b38,45218170,0.15101681649684906,1.2999132343390907e-05
rs1294858,chr7_45221541_T_A_b38,45221541,0.13872350752353668,4.8360365863908205e-05
rs1294857,chr7_45223427_T_C_b38,45223427,0.20826494693756104,5.442016104156738e-09
rs1294856,chr7_45223562_T_C_b38,45223562,0.262081503868103,3.2963716588559053e-11
rs1294854,chr7_45225267_A_G_b38,45225267,0.2550152838230133,1.3233180092349685e-10
rs1294853,chr7_45225598_G_A_b38,45225598,0.24201004207134247,1.248659640986115e-09
rs740088,chr7_45228599_C_T_b38,45228599,0.22126826643943787,8.757592409385545e-08
rs10282294,chr7_45366779_T_C_b38,45366779,0.5133181214332581,0.00018235602730972311
rs10237188,chr7_45366797_A_C_b38,45366797,0.5133181214332581,0.00018235602730972311
rs7791768,chr7_45369194_T_C_b38,45369194,0.5133181214332581,0.00018235602730972311
rs10237112,chr7_45370063_G_A_b38,45370063,0.5133181214332581,0.00018235602730972311
rs10266434,chr7_45370189_A_T_b38,45370189,0.5133181214332581,0.00018235602730972311
rs58505909,chr7_45370391_A_G_b38,45370391,0.5133181214332581,0.00018235602730972311
rs57729328,chr7_45371510_G_A_b38,45371510,0.5133181214332581,0.00018235602730972311
rs57811317,chr7_45372446_A_G_b38,45372446,0.5133181214332581,0.00018235602730972311
rs28676271,chr7_45372840_T_C_b38,45372840,0.5133181214332581,0.00018235602730972311
rs78526127,chr7_45373127_T_C_b38,45373127,0.5133181214332581,0.00018235602730972311
rs78821543,chr7_45373264_A_G_b38,45373264,0.5133181214332581,0.00018235602730972311
rs10268607,chr7_45373622_T_C_b38,45373622,0.5133181214332581,0.00018235602730972311
rs10253666,chr7_45374085_C_T_b38,45374085,0.5133181214332581,0.00018235602730972311
rs28880061,chr7_45374198_C_T_b38,45374198,0.5133181214332581,0.00018235602730972311
rs61086997,chr7_45376076_T_A_b38,45376076,0.5133181214332581,0.00018235602730972311
rs7795515,chr7_45376649_T_C_b38,45376649,0.5133181214332581,0.00018235602730972311
rs12333518,chr7_45377177_A_T_b38,45377177,0.5133181214332581,0.00018235602730972311
rs28680461,chr7_45377632_G_A_b38,45377632,0.5133181214332581,0.00018235602730972311
rs28765390,chr7_45378054_A_G_b38,45378054,0.5133181214332581,0.00018235602730972311
rs539699303,chr7_45378235_G_C_b38,45378235,0.5133181214332581,0.00018235602730972311
rs1379484082,chr7_45378570_C_T_b38,45378570,0.548866331577301,0.00017103521318033479
rs1422360847,chr7_45378915_T_C_b38,45378915,0.5133181214332581,0.00018235602730972311
rs6968070,chr7_45379711_A_G_b38,45379711,0.5133181214332581,0.00018235602730972311
rs1037915673,chr7_45380415_A_G_b38,45380415,0.5133181214332581,0.00018235602730972311
rs140996962,chr7_45380848_C_T_b38,45380848,0.5133181214332581,0.00018235602730972311
rs537692627,chr7_45381645_T_C_b38,45381645,0.5133181214332581,0.00018235602730972311
rs10280048,chr7_45381735_T_G_b38,45381735,0.5133181214332581,0.00018235602730972311
rs10280200,chr7_45381860_T_C_b38,45381860,0.5133181214332581,0.00018235602730972311
rs10280716,chr7_45382233_T_C_b38,45382233,0.5133181214332581,0.00018235602730972311
rs371792312,chr7_45382263_A_T_b38,45382263,0.5133181214332581,0.00018235602730972311
rs60814821,chr7_45382572_T_G_b38,45382572,0.5133181214332581,0.00018235602730972311
rs6966350,chr7_45382596_T_G_b38,45382596,0.5133181214332581,0.00018235602730972311
rs6947263,chr7_45383164_G_A_b38,45383164,0.5133181214332581,0.00018235602730972311
rs28672152,chr7_45383182_T_G_b38,45383182,0.5133181214332581,0.00018235602730972311
rs28507312,chr7_45383243_G_A_b38,45383243,0.5133181214332581,0.00018235602730972311
rs28464222,chr7_45383272_T_C_b38,45383272,0.5133181214332581,0.00018235602730972311
rs28451317,chr7_45383368_A_G_b38,45383368,0.5133181214332581,0.00018235602730972311
rs6951187,chr7_45383469_A_G_b38,45383469,0.5133181214332581,0.00018235602730972311
rs138953305,chr7_45384517_AC_A_b38,45384517,0.5133181214332581,0.00018235602730972311
rs10276737,chr7_45384531_C_T_b38,45384531,0.5133181214332581,0.00018235602730972311
