tissue,snp,variant_id,p,nes,approx_F
Adipose_Subcutaneous,rs3173757,chr7_45183887_G_T_b38,4.428273554217461e-05,0.1167491227388382,16.68
Adipose_Subcutaneous,rs15995,chr7_45183945_G_A_b38,0.00021427810179306444,0.111097052693367,13.7
Adipose_Subcutaneous,rs3801413,chr7_45184438_C_G_b38,1.541306371666737e-05,0.12077228724956512,18.69
Adipose_Subcutaneous,rs13244800,chr7_45184551_C_T_b38,5.6668056951382995e-05,0.11337675899267197,16.21
Adipose_Subcutaneous,rs13244801,chr7_45184552_C_G_b38,5.6668056951382995e-05,0.11337675899267197,16.21
Adipose_Subcutaneous,rs13245569,chr7_45185008_G_C_b38,4.292066693569775e-05,0.11465667188167572,16.74
Adipose_Subcutaneous,rs12702123,chr7_45185293_T_A_b38,0.0002254632721663959,0.11067982763051987,13.61
Adipose_Subcutaneous,rs71537751,chr7_45185375_A_G_b38,0.0002254632721663959,0.11067982763051987,13.61
Adipose_Subcutaneous,rs71030856,chr7_45185376_AG_A_b38,0.0002254632721663959,0.11067982763051987,13.61
Adipose_Subcutaneous,rs13221686,chr7_45185391_G_A_b38,0.0002254632721663959,0.11067982763051987,13.61
Adipose_Subcutaneous,rs13221797,chr7_45185503_G_A_b38,0.0002254632721663959,0.11067982763051987,13.61
Adipose_Subcutaneous,rs11974651,chr7_45185582_T_A_b38,6.205425842662355e-05,0.11249583214521408,16.04
Adipose_Subcutaneous,rs11971078,chr7_45185731_G_A_b38,6.14425991734652e-05,0.11210355907678604,16.06
Adipose_Subcutaneous,rs13222185,chr7_45186109_A_G_b38,7.4844318403256e-05,0.11105284839868546,15.68
Adipose_Subcutaneous,rs13226050,chr7_45187103_C_T_b38,0.00011479085589800562,0.10803424566984177,14.88
Adipose_Subcutaneous,rs7809490,chr7_45187989_G_A_b38,8.315127735842151e-05,0.11010558158159256,15.49
Adipose_Subcutaneous,rs1866574,chr7_45188226_C_G_b38,8.315127735842151e-05,0.11010558158159256,15.49
Adipose_Subcutaneous,rs1898958,chr7_45188802_T_G_b38,8.697554585645751e-05,0.10993662476539612,15.4
Adipose_Subcutaneous,rs879870096,chr7_45190067_C_CCGA_b38,8.415009903176071e-05,0.13287021219730377,15.46
Adipose_Subcutaneous,rs1491149182,chr7_45190069_GAT_G_b38,8.415009903176071e-05,0.13287021219730377,15.46
Adipose_Subcutaneous,rs11766076,chr7_45190166_A_G_b38,4.231313128962121e-05,0.1235118880867958,16.76
Adipose_Subcutaneous,rs77557837,chr7_45211304_G_A_b38,0.00015572446569822783,-0.40803518891334534,14.3
Liver,rs1294885,chr7_45207273_C_G_b38,2.5591592023607417e-05,0.2458943873643875,17.72
Liver,rs1294884,chr7_45207385_A_G_b38,2.5591592023607417e-05,0.2458943873643875,17.72
Liver,rs1294883,chr7_45207553_C_G_b38,3.4831106226428e-05,0.24498337507247925,17.13
Liver,rs1294882,chr7_45208436_C_G_b38,1.9953654864055853e-07,0.3059081435203552,27.04
Liver,rs1294877,chr7_45211117_T_C_b38,3.9745410001564756e-05,0.26480892300605774,16.88
Liver,rs756511,chr7_45211197_G_A_b38,3.0114299500058482e-05,0.2602916359901428,17.41
Liver,rs756510,chr7_45211263_T_C_b38,5.1181059071927996e-05,0.2590162456035614,16.4
Liver,rs1294874,chr7_45214648_G_A_b38,9.724896579207534e-08,0.27391722798347473,28.43
Liver,rs1294873,chr7_45215766_A_G_b38,1.586645860743912e-08,0.28758111596107483,31.94
Liver,rs1294871,chr7_45216071_C_T_b38,8.510716174337517e-09,0.34692439436912537,33.15
Liver,rs975349,chr7_45216341_G_A_b38,1.586645860743912e-08,0.28758111596107483,31.94
Liver,rs975348,chr7_45216548_T_C_b38,1.5332459225592078e-05,0.20556718111038208,18.7
Liver,rs975347,chr7_45216633_T_C_b38,6.9505947227420425e-06,0.20562799274921417,20.21
Liver,rs1294867,chr7_45216950_A_G_b38,1.0887371950167429e-05,0.2000930905342102,19.35
Liver,rs1294866,chr7_45217088_C_T_b38,1.586645860743912e-08,0.28758111596107483,31.94
Liver,rs1294865,chr7_45217376_A_G_b38,7.029215136678205e-06,0.2133854776620865,20.19
Liver,rs1294864,chr7_45217506_G_A_b38,8.224519948490259e-09,0.2933063507080078,33.22
Liver,rs1294863,chr7_45217585_A_G_b38,8.224519948490259e-09,0.2933063507080078,33.22
Liver,rs2580797,chr7_45217634_A_T_b38,8.224519948490259e-09,0.2933063507080078,33.22
Liver,rs2527027,chr7_45217639_G_A_b38,8.224519948490259e-09,0.2933063507080078,33.22
Liver,rs1294862,chr7_45217652_G_A_b38,8.224519948490259e-09,0.2933063507080078,33.22
Liver,rs71565962,chr7_45217741_T_TG_b38,7.310202520659972e-09,0.29409146308898926,33.45
Liver,rs1294861,chr7_45217884_T_G_b38,7.3101605228592955e-09,0.29409149289131165,33.45
Liver,rs1294860,chr7_45218170_T_C_b38,2.6923503298072604e-05,0.19255460798740387,17.62
Liver,rs1294858,chr7_45221541_T_A_b38,6.1876178795754064e-06,0.20282107591629028,20.43
Liver,rs1294857,chr7_45223427_T_C_b38,1.2201937442438909e-05,0.197093203663826,19.13
Liver,rs1294856,chr7_45223562_T_C_b38,2.417265483944287e-10,0.32052552700042725,40.1
Liver,rs1294855,chr7_45224827_C_T_b38,5.131239037810864e-05,0.18537265062332153,16.4
Liver,rs1294854,chr7_45225267_A_G_b38,4.484594539408628e-10,0.317615807056427,38.89
Liver,rs1294853,chr7_45225598_G_A_b38,4.484594539408628e-10,0.317615807056427,38.89
Liver,rs1294850,chr7_45226942_A_C_b38,4.6232468164731053e-07,0.23783329129219055,25.41
Liver,rs740088,chr7_45228599_C_T_b38,1.797118970127625e-09,0.31692805886268616,36.18
Liver,rs1294848,chr7_45228842_G_A_b38,1.4713492396985993e-08,0.3227333724498749,32.09
Liver,rs1294847,chr7_45230304_A_G_b38,6.513122992163543e-07,0.23381486535072327,24.75
Liver,rs4724378,chr7_45236412_A_C_b38,4.3855451386880306e-05,0.1968776434659958,16.7
Whole_Blood,rs1294885,chr7_45207273_C_G_b38,1.3818783264786393e-06,0.21032202243804932,23.31
Whole_Blood,rs1294884,chr7_45207385_A_G_b38,2.0486510707906783e-06,0.20720639824867249,22.55
Whole_Blood,rs1294883,chr7_45207553_C_G_b38,1.9834313631517242e-06,0.2080189287662506,22.61
Whole_Blood,rs1294882,chr7_45208436_C_G_b38,2.463120176497609e-07,0.2321072667837143,26.63
Whole_Blood,rs1294878,chr7_45210749_T_C_b38,6.349471016262426e-05,0.1678139865398407,16.0
Whole_Blood,rs7809107,chr7_45210786_C_G_b38,8.236404926824972e-08,0.3863723874092102,28.75
Whole_Blood,rs756513,chr7_45210985_A_C_b38,3.168846538356866e-08,0.1839146763086319,30.6
Whole_Blood,rs756512,chr7_45211128_G_C_b38,6.103772835903577e-07,0.1847422868013382,24.88
Whole_Blood,rs17172499,chr7_45211694_C_A_b38,0.00014777016873447437,-0.14585641026496887,14.4
Whole_Blood,rs34345812,chr7_45211761_C_T_b38,0.0001508267956881623,-0.14567288756370544,14.36
Whole_Blood,rs16880990,chr7_45211772_A_T_b38,4.6212402304110914e-05,-0.20383551716804504,16.6
Whole_Blood,rs35572793,chr7_45211813_T_C_b38,0.00013473869731752384,-0.1462501585483551,14.57
Whole_Blood,rs34999606,chr7_45212087_C_T_b38,0.0001724255720672156,-0.1437835693359375,14.11
Whole_Blood,rs59686117,chr7_45212251_T_C_b38,0.00013473869731752384,-0.1462501585483551,14.57
Whole_Blood,rs60207265,chr7_45212256_A_C_b38,0.00013473869731752384,-0.1462501585483551,14.57
Whole_Blood,rs35899672,chr7_45212322_A_G_b38,0.00013473869731752384,-0.1462501585483551,14.57
Whole_Blood,rs35464070,chr7_45212409_G_T_b38,0.00013473869731752384,-0.1462501585483551,14.57
Whole_Blood,rs34230869,chr7_45212539_G_T_b38,0.0001724255720672156,-0.1437835693359375,14.11
Whole_Blood,rs1866577,chr7_45213058_A_T_b38,0.0001724255720672156,-0.1437835693359375,14.11
Whole_Blood,rs35934485,chr7_45213106_T_C_b38,0.0001724255720672156,-0.1437835693359375,14.11
Whole_Blood,rs34528595,chr7_45213154_C_T_b38,0.00017359149896355544,-0.14338114857673645,14.1
Whole_Blood,rs34957756,chr7_45213171_C_T_b38,0.0001724255720672156,-0.1437835693359375,14.11
Whole_Blood,rs34725413,chr7_45213195_T_C_b38,0.0001724255720672156,-0.1437835693359375,14.11
Whole_Blood,rs78859351,chr7_45213342_A_G_b38,6.144532282551492e-05,-0.20095662772655487,16.06
Whole_Blood,rs34124301,chr7_45213353_T_C_b38,0.0001508267956881623,-0.14567288756370544,14.36
Whole_Blood,rs77930313,chr7_45213474_G_C_b38,4.9613027401682303e-05,-0.20292069017887115,16.46
Whole_Blood,rs35401101,chr7_45213645_A_G_b38,0.0001724255720672156,-0.1437835693359375,14.11
Whole_Blood,rs78670183,chr7_45213715_A_C_b38,6.144532282551492e-05,-0.20095662772655487,16.06
Whole_Blood,rs34694820,chr7_45213718_T_G_b38,0.0001724255720672156,-0.1437835693359375,14.11
Whole_Blood,rs36115872,chr7_45213844_T_A_b38,0.0001724255720672156,-0.1437835693359375,14.11
Whole_Blood,rs150552092,chr7_45214309_AC_A_b38,0.0001724255720672156,-0.1437835693359375,14.11
Whole_Blood,rs62459190,chr7_45214312_G_A_b38,0.0001724255720672156,-0.1437835693359375,14.11
Whole_Blood,rs10951808,chr7_45214647_C_G_b38,0.0001724255720672156,-0.1437835693359375,14.11
Whole_Blood,rs1294874,chr7_45214648_G_A_b38,2.3055830551093724e-14,0.3015899956226349,58.25
Whole_Blood,rs10951809,chr7_45214801_G_T_b38,0.0001724255720672156,-0.1437835693359375,14.11
Whole_Blood,rs10951810,chr7_45214947_C_T_b38,0.0001724255720672156,-0.1437835693359375,14.11
Whole_Blood,rs35556846,chr7_45214999_G_A_b38,0.0001288697799619732,-0.1464785784482956,14.66
Whole_Blood,rs12674069,chr7_45215011_G_A_b38,0.0001724255720672156,-0.1437835693359375,14.11
Whole_Blood,rs12667767,chr7_45215012_T_C_b38,6.144532282551492e-05,-0.20095662772655487,16.06
Whole_Blood,rs12533413,chr7_45215524_T_C_b38,0.0001724255720672156,-0.1437835693359375,14.11
Whole_Blood,rs1294873,chr7_45215766_A_G_b38,2.6323394854853826e-16,0.31444400548934937,67.06
Whole_Blood,rs10951812,chr7_45215867_T_C_b38,0.0001724255720672156,-0.1437835693359375,14.11
Whole_Blood,rs12535823,chr7_45215877_A_G_b38,0.0001724255720672156,-0.1437835693359375,14.11
Whole_Blood,rs1294871,chr7_45216071_C_T_b38,3.9683526881590546e-09,0.26100295782089233,34.64
Whole_Blood,rs975349,chr7_45216341_G_A_b38,2.7890958965421387e-16,0.3154759407043457,66.95
Whole_Blood,rs75390434,chr7_45216392_C_T_b38,2.1406475541597312e-05,-0.18325671553611755,18.06
Whole_Blood,rs975348,chr7_45216548_T_C_b38,4.311977911210856e-13,0.26165035367012024,52.5
Whole_Blood,rs975347,chr7_45216633_T_C_b38,3.802753191743282e-05,0.14197446405887604,16.97
Whole_Blood,rs1294867,chr7_45216950_A_G_b38,0.00011493275371950681,0.1327676773071289,14.87
Whole_Blood,rs1294866,chr7_45217088_C_T_b38,2.7890958965421387e-16,0.3154759407043457,66.95
Whole_Blood,rs1294865,chr7_45217376_A_G_b38,4.5006282323257935e-13,0.26103660464286804,52.41
Whole_Blood,rs1294864,chr7_45217506_G_A_b38,6.475467909873951e-16,0.31111443042755127,65.29
Whole_Blood,rs1294863,chr7_45217585_A_G_b38,6.475467909873951e-16,0.31111443042755127,65.29
Whole_Blood,rs2580797,chr7_45217634_A_T_b38,6.475467909873951e-16,0.31111443042755127,65.29
Whole_Blood,rs2527027,chr7_45217639_G_A_b38,6.475467909873951e-16,0.31111443042755127,65.29
Whole_Blood,rs1294862,chr7_45217652_G_A_b38,6.475467909873951e-16,0.31111443042755127,65.29
Whole_Blood,rs71565962,chr7_45217741_T_TG_b38,1.3749553491718172e-15,0.3074363172054291,63.8
Whole_Blood,rs1294861,chr7_45217884_T_G_b38,1.3749553491718172e-15,0.3074363172054291,63.8
Whole_Blood,rs1294860,chr7_45218170_T_C_b38,1.2999132343390907e-05,0.15101681649684906,19.01
Whole_Blood,rs1294858,chr7_45221541_T_A_b38,4.8360365863908205e-05,0.13872350752353668,16.51
Whole_Blood,rs1294857,chr7_45223427_T_C_b38,5.442016104156738e-09,0.20826494693756104,34.02
Whole_Blood,rs1294856,chr7_45223562_T_C_b38,3.2963716588559053e-11,0.262081503868103,43.99
Whole_Blood,rs1294854,chr7_45225267_A_G_b38,1.3233180092349685e-10,0.2550152838230133,41.27
Whole_Blood,rs1294853,chr7_45225598_G_A_b38,1.248659640986115e-09,0.24201004207134247,36.89
Whole_Blood,rs740088,chr7_45228599_C_T_b38,8.757592409385545e-08,0.22126826643943787,28.63
Whole_Blood,rs10282294,chr7_45366779_T_C_b38,0.00018235602730972311,0.5133181214332581,14.0
Whole_Blood,rs10237188,chr7_45366797_A_C_b38,0.00018235602730972311,0.5133181214332581,14.0
Whole_Blood,rs7791768,chr7_45369194_T_C_b38,0.00018235602730972311,0.5133181214332581,14.0
Whole_Blood,rs10237112,chr7_45370063_G_A_b38,0.00018235602730972311,0.5133181214332581,14.0
Whole_Blood,rs10266434,chr7_45370189_A_T_b38,0.00018235602730972311,0.5133181214332581,14.0
Whole_Blood,rs58505909,chr7_45370391_A_G_b38,0.00018235602730972311,0.5133181214332581,14.0
Whole_Blood,rs57729328,chr7_45371510_G_A_b38,0.00018235602730972311,0.5133181214332581,14.0
Whole_Blood,rs57811317,chr7_45372446_A_G_b38,0.00018235602730972311,0.5133181214332581,14.0
Whole_Blood,rs28676271,chr7_45372840_T_C_b38,0.00018235602730972311,0.5133181214332581,14.0
Whole_Blood,rs78526127,chr7_45373127_T_C_b38,0.00018235602730972311,0.5133181214332581,14.0
Whole_Blood,rs78821543,chr7_45373264_A_G_b38,0.00018235602730972311,0.5133181214332581,14.0
Whole_Blood,rs10268607,chr7_45373622_T_C_b38,0.00018235602730972311,0.5133181214332581,14.0
Whole_Blood,rs10253666,chr7_45374085_C_T_b38,0.00018235602730972311,0.5133181214332581,14.0
Whole_Blood,rs28880061,chr7_45374198_C_T_b38,0.00018235602730972311,0.5133181214332581,14.0
Whole_Blood,rs61086997,chr7_45376076_T_A_b38,0.00018235602730972311,0.5133181214332581,14.0
Whole_Blood,rs7795515,chr7_45376649_T_C_b38,0.00018235602730972311,0.5133181214332581,14.0
Whole_Blood,rs12333518,chr7_45377177_A_T_b38,0.00018235602730972311,0.5133181214332581,14.0
Whole_Blood,rs28680461,chr7_45377632_G_A_b38,0.00018235602730972311,0.5133181214332581,14.0
Whole_Blood,rs28765390,chr7_45378054_A_G_b38,0.00018235602730972311,0.5133181214332581,14.0
Whole_Blood,rs539699303,chr7_45378235_G_C_b38,0.00018235602730972311,0.5133181214332581,14.0
Whole_Blood,rs1379484082,chr7_45378570_C_T_b38,0.00017103521318033479,0.548866331577301,14.13
Whole_Blood,rs1422360847,chr7_45378915_T_C_b38,0.00018235602730972311,0.5133181214332581,14.0
Whole_Blood,rs6968070,chr7_45379711_A_G_b38,0.00018235602730972311,0.5133181214332581,14.0
Whole_Blood,rs1037915673,chr7_45380415_A_G_b38,0.00018235602730972311,0.5133181214332581,14.0
Whole_Blood,rs140996962,chr7_45380848_C_T_b38,0.00018235602730972311,0.5133181214332581,14.0
Whole_Blood,rs537692627,chr7_45381645_T_C_b38,0.00018235602730972311,0.5133181214332581,14.0
Whole_Blood,rs10280048,chr7_45381735_T_G_b38,0.00018235602730972311,0.5133181214332581,14.0
Whole_Blood,rs10280200,chr7_45381860_T_C_b38,0.00018235602730972311,0.5133181214332581,14.0
Whole_Blood,rs10280716,chr7_45382233_T_C_b38,0.00018235602730972311,0.5133181214332581,14.0
Whole_Blood,rs371792312,chr7_45382263_A_T_b38,0.00018235602730972311,0.5133181214332581,14.0
Whole_Blood,rs60814821,chr7_45382572_T_G_b38,0.00018235602730972311,0.5133181214332581,14.0
Whole_Blood,rs6966350,chr7_45382596_T_G_b38,0.00018235602730972311,0.5133181214332581,14.0
Whole_Blood,rs6947263,chr7_45383164_G_A_b38,0.00018235602730972311,0.5133181214332581,14.0
Whole_Blood,rs28672152,chr7_45383182_T_G_b38,0.00018235602730972311,0.5133181214332581,14.0
Whole_Blood,rs28507312,chr7_45383243_G_A_b38,0.00018235602730972311,0.5133181214332581,14.0
Whole_Blood,rs28464222,chr7_45383272_T_C_b38,0.00018235602730972311,0.5133181214332581,14.0
Whole_Blood,rs28451317,chr7_45383368_A_G_b38,0.00018235602730972311,0.5133181214332581,14.0
Whole_Blood,rs6951187,chr7_45383469_A_G_b38,0.00018235602730972311,0.5133181214332581,14.0
Whole_Blood,rs138953305,chr7_45384517_AC_A_b38,0.00018235602730972311,0.5133181214332581,14.0
Whole_Blood,rs10276737,chr7_45384531_C_T_b38,0.00018235602730972311,0.5133181214332581,14.0
Muscle_Skeletal,rs2004501,chr7_45118204_C_T_b38,0.00022516127949640804,-0.2235935926437378,13.61
Muscle_Skeletal,rs12666020,chr7_45150815_C_T_b38,0.00018145597086692853,-0.11039016395807266,14.01
Muscle_Skeletal,rs56178166,chr7_45155554_A_G_b38,1.1844301402115734e-05,-0.12771658599376678,19.19
Muscle_Skeletal,rs55921404,chr7_45157161_C_T_b38,3.4906566538234305e-06,-0.13508492708206177,21.53
Muscle_Skeletal,rs3823868,chr7_45159013_G_A_b38,4.807909842411425e-06,-0.13307303190231323,20.91
Muscle_Skeletal,rs2165173,chr7_45159112_C_T_b38,3.842796320346461e-06,-0.13431628048419952,21.34
Muscle_Skeletal,rs3801408,chr7_45161446_A_G_b38,7.41902704396366e-07,-0.14331015944480896,24.5
Muscle_Skeletal,rs1294948,chr7_45172191_C_A_b38,9.764282971581332e-05,0.11683773249387741,15.18
Muscle_Skeletal,rs12702120,chr7_45176354_T_C_b38,9.244455817728555e-05,0.11626313626766205,15.29
Muscle_Skeletal,rs1294942,chr7_45177035_C_T_b38,1.273716931233701e-05,-0.12408328056335449,19.05
Muscle_Skeletal,rs1294941,chr7_45177047_T_C_b38,6.084081661275152e-05,-0.11253568530082703,16.08
Muscle_Skeletal,rs1294940,chr7_45177162_G_A_b38,4.972471388917842e-05,-0.11364424973726273,16.46
Muscle_Skeletal,rs1294938,chr7_45178450_C_T_b38,8.558771597694955e-05,-0.10965589433908463,15.43
Muscle_Skeletal,rs1294936,chr7_45178570_C_T_b38,0.00012125865523974207,-0.10737098008394241,14.77
Muscle_Skeletal,rs1294935,chr7_45178767_C_T_b38,1.1972922107172028e-05,-0.12042476236820221,19.17
Muscle_Skeletal,rs2580792,chr7_45179158_G_A_b38,1.4416621363943055e-05,-0.11957605183124542,18.81
Muscle_Skeletal,rs1294934,chr7_45179281_C_G_b38,1.4416621363943055e-05,-0.11957605183124542,18.81
Muscle_Skeletal,rs3216466,chr7_45179365_TCAC_T_b38,1.4416621363943055e-05,-0.11957605183124542,18.81
Muscle_Skeletal,rs62457145,chr7_45179369_T_G_b38,1.4416621363943055e-05,-0.11957605183124542,18.81
Muscle_Skeletal,rs1294933,chr7_45179939_C_T_b38,9.423526184692175e-06,-0.12238075584173203,19.62
Muscle_Skeletal,rs1294931,chr7_45180291_T_C_b38,8.05555161994056e-06,-0.1238100528717041,19.92
Muscle_Skeletal,rs1294930,chr7_45180302_C_T_b38,9.175701289358981e-06,-0.12249728292226791,19.68
Muscle_Skeletal,rs1294929,chr7_45180526_G_A_b38,8.615484005149456e-06,-0.12275639921426773,19.8
Muscle_Skeletal,rs1294928,chr7_45180867_A_G_b38,9.175701289358981e-06,-0.12249728292226791,19.68
Muscle_Skeletal,rs1294927,chr7_45181041_C_T_b38,9.175701289358981e-06,-0.12249728292226791,19.68
Muscle_Skeletal,rs1294926,chr7_45181051_C_T_b38,9.175701289358981e-06,-0.12249728292226791,19.68
Muscle_Skeletal,rs1294925,chr7_45182086_T_C_b38,9.428350880829981e-06,-0.12256705015897751,19.62
Muscle_Skeletal,rs1294924,chr7_45182113_T_C_b38,9.428350880829981e-06,-0.12256705015897751,19.62
Muscle_Skeletal,rs1294923,chr7_45182205_C_T_b38,9.428350880829981e-06,-0.12256705015897751,19.62
Muscle_Skeletal,rs1294922,chr7_45182304_G_A_b38,9.428350880829981e-06,-0.12256705015897751,19.62
Muscle_Skeletal,rs1294920,chr7_45182712_G_A_b38,9.428350880829981e-06,-0.12256705015897751,19.62
Muscle_Skeletal,rs3173757,chr7_45183887_G_T_b38,6.855085265968712e-05,0.118484728038311,15.85
Muscle_Skeletal,rs1046308,chr7_45183982_C_T_b38,3.9598321682738e-05,-0.11819116771221161,16.89
Muscle_Skeletal,rs3801413,chr7_45184438_C_G_b38,0.00011234311353002649,0.11282861232757568,14.92
Muscle_Skeletal,rs13244800,chr7_45184551_C_T_b38,7.586099580548833e-05,0.11617736518383026,15.66
Muscle_Skeletal,rs13244801,chr7_45184552_C_G_b38,7.586099580548833e-05,0.11617736518383026,15.66
Muscle_Skeletal,rs13245569,chr7_45185008_G_C_b38,8.426985776415123e-05,0.11549325287342072,15.46
Muscle_Skeletal,rs11974651,chr7_45185582_T_A_b38,9.012175296372319e-05,0.11473307758569717,15.33
Muscle_Skeletal,rs11971078,chr7_45185731_G_A_b38,0.00015699801860999082,0.11075668036937714,14.29
Muscle_Skeletal,rs13222185,chr7_45186109_A_G_b38,0.00011813704568353969,0.11257381737232208,14.82
Muscle_Skeletal,rs13226050,chr7_45187103_C_T_b38,5.767061076470198e-05,0.11758890002965927,16.18
Muscle_Skeletal,rs7809490,chr7_45187989_G_A_b38,6.808527357340871e-05,0.11638366430997849,15.86
Muscle_Skeletal,rs1866574,chr7_45188226_C_G_b38,6.808527357340871e-05,0.11638366430997849,15.86
Muscle_Skeletal,rs1898958,chr7_45188802_T_G_b38,0.00012419400587665918,0.11202161759138107,14.73
Muscle_Skeletal,rs1294877,chr7_45211117_T_C_b38,0.00021033709382624213,-0.14970672130584717,13.74
Muscle_Skeletal,rs756511,chr7_45211197_G_A_b38,2.8638178688337363e-05,-0.15857942402362823,17.51
Muscle_Skeletal,rs756510,chr7_45211263_T_C_b38,7.548960493993816e-05,-0.15599167346954346,15.67
Muscle_Skeletal,rs757680,chr7_45223314_A_G_b38,3.7217261961362067e-05,-0.16013187170028687,17.01
Muscle_Skeletal,rs799708,chr7_45258012_G_A_b38,8.5249739606257e-05,-0.14813093841075897,15.44
Muscle_Skeletal,rs58437289,chr7_45258978_A_G_b38,8.5249739606257e-05,-0.14813093841075897,15.44
Muscle_Skeletal,rs799724,chr7_45262813_A_C_b38,6.838576850765137e-05,-0.1493375301361084,15.85
Muscle_Skeletal,rs799723,chr7_45263093_T_C_b38,0.00018969520054379908,-0.13003216683864594,13.93
Muscle_Skeletal,rs799720,chr7_45267285_T_G_b38,4.1939146301690576e-05,-0.1529446840286255,16.78
Muscle_Skeletal,rs799715,chr7_45270641_T_G_b38,0.00010845332756870269,-0.1451367288827896,14.98
Muscle_Skeletal,rs799714,chr7_45270911_A_G_b38,0.00010845332756870269,-0.1451367288827896,14.98
Muscle_Skeletal,rs62456998,chr7_45354862_G_A_b38,0.0002259297139132668,0.134487584233284,13.6
Muscle_Skeletal,rs34920783,chr7_45367284_C_T_b38,9.078591397377511e-06,0.14885316789150238,19.7
Muscle_Skeletal,rs118169230,chr7_45374121_G_T_b38,8.136733927952529e-05,0.1588723361492157,15.53
Muscle_Skeletal,rs2331300,chr7_45386009_G_A_b38,0.00011110595766849344,0.1163306012749672,14.94
Thyroid,rs12702120,chr7_45176354_T_C_b38,0.00012901228966436808,0.10144757479429245,14.66
Thyroid,rs6945817,chr7_45176630_C_G_b38,3.342817568257435e-05,0.22803884744644165,17.21
Thyroid,rs1294941,chr7_45177047_T_C_b38,0.00016761788994793054,-0.0918361097574234,14.16
Thyroid,rs1294940,chr7_45177162_G_A_b38,0.00017832998354360433,-0.09133327007293701,14.05
Thyroid,rs17172483,chr7_45177186_G_T_b38,2.8261003690550865e-05,0.2309424877166748,17.53
Thyroid,rs1294938,chr7_45178450_C_T_b38,8.24257366945381e-05,-0.09612582623958588,15.5
Thyroid,rs1294936,chr7_45178570_C_T_b38,9.582052524826067e-05,-0.09543506056070328,15.22
Thyroid,rs740087,chr7_45178573_C_T_b38,5.326854341388969e-06,0.24794545769691467,20.72
Thyroid,rs1294935,chr7_45178767_C_T_b38,0.00017532892915180957,-0.09004467725753784,14.08
Thyroid,rs2580792,chr7_45179158_G_A_b38,0.00015282290102240986,-0.0908346027135849,14.34
Thyroid,rs1294934,chr7_45179281_C_G_b38,0.00015282290102240986,-0.0908346027135849,14.34
Thyroid,rs3216466,chr7_45179365_TCAC_T_b38,0.00015282290102240986,-0.0908346027135849,14.34
Thyroid,rs62457145,chr7_45179369_T_G_b38,0.00015282290102240986,-0.0908346027135849,14.34
Thyroid,rs1294933,chr7_45179939_C_T_b38,0.00022915113783349644,-0.08893070369958878,13.58
Thyroid,rs73115775,chr7_45180821_T_A_b38,1.3746277847471691e-05,0.2554364800453186,18.9
Thyroid,rs3173757,chr7_45183887_G_T_b38,2.0708025007143534e-05,0.11036593466997147,18.12
Thyroid,rs3801413,chr7_45184438_C_G_b38,3.849100282196612e-06,0.11824709177017212,21.34
Thyroid,rs13244800,chr7_45184551_C_T_b38,2.7064741257275224e-06,0.12023458629846573,22.01
Thyroid,rs13244801,chr7_45184552_C_G_b38,2.7064741257275224e-06,0.12023458629846573,22.01
Thyroid,rs73115784,chr7_45184872_C_T_b38,0.00013279409266388448,0.18928828835487366,14.6
Thyroid,rs13245569,chr7_45185008_G_C_b38,3.690399659185437e-06,0.11849436908960342,21.42
Thyroid,rs11974651,chr7_45185582_T_A_b38,2.5358136881798565e-06,0.12055957317352295,22.14
Thyroid,rs11971078,chr7_45185731_G_A_b38,5.550135562151524e-06,0.11648237705230713,20.64
Thyroid,rs13222185,chr7_45186109_A_G_b38,4.442045582684733e-06,0.11745065450668335,21.06
Thyroid,rs11760627,chr7_45186189_C_A_b38,0.00013160564500787255,0.2013390064239502,14.62
Thyroid,rs11760688,chr7_45186223_G_A_b38,0.00013160564500787255,0.2013390064239502,14.62
Thyroid,rs11767359,chr7_45186239_A_C_b38,0.00013160564500787255,0.2013390064239502,14.62
Thyroid,rs11764985,chr7_45186449_T_G_b38,0.00013160564500787255,0.2013390064239502,14.62
Thyroid,rs11764987,chr7_45186457_T_C_b38,0.00013160564500787255,0.2013390064239502,14.62
Thyroid,rs13226050,chr7_45187103_C_T_b38,9.646655826417855e-06,0.11406312137842178,19.58
Thyroid,rs56272168,chr7_45187144_G_A_b38,0.00012765616215230908,0.20930267870426178,14.68
Thyroid,rs7809490,chr7_45187989_G_A_b38,1.4423891093985722e-05,0.11251799017190933,18.81
Thyroid,rs1866574,chr7_45188226_C_G_b38,1.4423891093985722e-05,0.11251799017190933,18.81
Thyroid,rs1898958,chr7_45188802_T_G_b38,1.0221495273134044e-05,0.11339456588029861,19.47
Thyroid,rs73117397,chr7_45189347_C_G_b38,3.684894955577152e-05,0.20626339316368103,17.03
Thyroid,rs10951805,chr7_45189717_G_A_b38,8.824325452825384e-05,0.1116885244846344,15.37
Thyroid,rs10951806,chr7_45190020_T_C_b38,0.00012253044396735152,0.1866408884525299,14.75
Thyroid,rs11766076,chr7_45190166_A_G_b38,4.59638361098297e-05,0.11558874696493149,16.61
Thyroid,rs17172494,chr7_45190547_C_T_b38,1.4565269440997907e-05,0.16553500294685364,18.79
Thyroid,rs11760215,chr7_45190908_C_T_b38,1.4565269440997907e-05,0.16553500294685364,18.79
Thyroid,rs11766978,chr7_45190963_A_G_b38,1.4565294390115387e-05,0.16553500294685364,18.79
Thyroid,rs11760250,chr7_45191065_C_T_b38,1.4565269440997907e-05,0.16553500294685364,18.79
Thyroid,rs11767006,chr7_45191066_A_G_b38,0.00024482221558357574,0.18339978158473969,13.45
Thyroid,rs11761143,chr7_45191709_C_T_b38,2.7150830218238283e-05,0.21580614149570465,17.61
Thyroid,rs55656310,chr7_45192193_T_C_b38,1.6323584408677646e-05,0.163896381855011,18.58
Thyroid,rs55845427,chr7_45192211_T_C_b38,0.0001613302862625236,0.14216366410255432,14.24
Thyroid,rs73119515,chr7_45192333_C_T_b38,1.4565269440997907e-05,0.16553500294685364,18.79
Thyroid,rs58844395,chr7_45192569_C_T_b38,1.4565294390115387e-05,0.16553500294685364,18.79
Thyroid,rs11307478,chr7_45192989_GA_G_b38,1.4565269440997907e-05,0.16553500294685364,18.79
Thyroid,rs4724374,chr7_45193243_A_G_b38,2.8758224041704735e-05,0.1598568856716156,17.5
Thyroid,rs61187620,chr7_45193561_A_G_b38,0.00018279513974037617,0.14103057980537415,14.0
